task,scenario_type,metric,why_braking_baseline,thesis,absolute_change
actor_prioritization,all,precision,0.37,0.893,0.523
actor_prioritization,all,recall,0.86,1.00,0.14
semantic_classification,all,precision,0.39,0.639,0.249
semantic_classification,all,recall,0.78,0.633,-0.147
semantic_classification,all,f1,0.52,0.621,0.101
ood_retrieval,approach_stop,p_at_10,0.30,0.30,0.00
ood_retrieval,approach_stop,r_at_50,0.31,0.62,0.31
ood_retrieval,lead_brake,p_at_10,0.40,0.45,0.05
ood_retrieval,lead_brake,r_at_50,0.50,0.86,0.36
ood_retrieval,ped_crossing,p_at_10,0.30,0.75,0.45
ood_retrieval,ped_crossing,r_at_50,0.67,0.84,0.17
